City,Temperature,Local Time
Accra,81 °F,Tue 9:45 pm
Addis Ababa,64 °F,Wed 12:45 am
Adelaide,64 °F,Wed 7:15 am
Algiers,74 °F,Tue 10:45 pm
Almaty,66 °F,Wed 2:45 am
Amman,72 °F,Wed 12:45 am
Amsterdam,63 °F,Tue 11:45 pm
Anadyr,56 °F,Wed 9:45 am
Anchorage,60 °F,Tue 1:45 pm
Ankara,64 °F,Wed 12:45 am
Antananarivo,52 °F,Wed 12:45 am
Asuncion,64 °F,Tue 6:45 pm
Athens,80 °F,Wed 12:45 am
Atlanta,68 °F,Tue 5:45 pm
Auckland,55 °F,Wed 9:45 am
Baghdad,84 °F,Wed 12:45 am
Bangkok,79 °F,Wed 4:45 am
Barcelona,77 °F,Tue 11:45 pm
Beijing,66 °F,Wed 5:45 am
Belgrade,64 °F,Tue 11:45 pm
Bengaluru,73 °F,Wed 3:15 am
Berlin,63 °F,Tue 11:45 pm
Bogota,61 °F,Tue 4:45 pm
Boston,78 °F,Tue 5:45 pm
Brasilia,77 °F,Tue 6:45 pm
Brisbane,59 °F,Wed 7:45 am
Brussels,63 °F,Tue 11:45 pm
Bucharest,66 °F,Wed 12:45 am
Budapest,70 °F,Tue 11:45 pm
Buenos Aires,64 °F,Tue 6:45 pm
Cairo,77 °F,Wed 12:45 am
Calgary,55 °F,Tue 3:45 pm
Canberra,48 °F,Wed 7:45 am
Cape Town,54 °F,Tue 11:45 pm
Caracas,84 °F,Tue 5:45 pm
Casablanca,70 °F,Tue 10:45 pm
Chicago,75 °F,Tue 4:45 pm
Copenhagen,55 °F,Tue 11:45 pm
Dallas,87 °F,Tue 4:45 pm
Dar es Salaam,75 °F,Wed 12:45 am
Darwin,73 °F,Wed 7:15 am
Denver,90 °F,Tue 3:45 pm
Detroit,63 °F,Tue 5:45 pm
Dhaka,84 °F,Wed 3:45 am
Doha,95 °F,Wed 12:45 am
Dubai,86 °F,Wed 1:45 am
Dublin,59 °F,Tue 10:45 pm
